year,month,production_total,production_low_alc,production_medium_alc,production_high_alc,production_sparkling,production_hard_cider,withdrawals_taxable_total,withdrawals_taxable_bottled,withdrawals_taxable_bulk,withdrawals_export_total,withdrawals_export_bottled,withdrawals_export_bulk,stocks_total,stocks_bottled,stocks_bulk,active_wineries
2012,1,77661672.0,30217062.0,6186710.0,6186710.0,1913548.0,502604.0,42444611.0,,,9288892.0,4563675.0,3991061.0,915148913.0,1060572326.0,769725500.0,1850.0
2012,2,42792481.0,14416789.0,5213150.0,5213150.0,1508234.0,250061.0,49148616.0,47010140.0,2138477.0,11452981.0,4309310.0,5407359.0,878003780.0,1021667851.0,734339709.0,1812.0
2012,3,37811962.0,13560689.0,2935429.0,2935429.0,1996013.0,,48509975.0,46668435.0,1841540.0,11201137.0,4691091.0,5158859.0,856487871.0,1010533085.0,702442657.0,2822.0
2012,4,24416626.0,8045493.0,1723746.0,1723746.0,1947626.0,480310.0,44371692.0,42632274.0,1739419.0,9992014.0,4725658.0,4487159.0,793715982.0,948734835.0,638697129.0,1753.0
2012,5,26533198.0,12556228.0,-1612446.0,-1612446.0,2057811.0,257405.0,56113512.0,55055894.0,1057618.0,9940033.0,4754987.0,4284607.0,737065961.0,890639333.0,583492589.0,1742.0
2012,6,20684859.0,6362334.0,,,3025950.0,473398.0,54146805.0,51757301.0,2389504.0,9493685.0,4817397.0,3853099.0,703164410.0,865449845.0,540878975.0,2805.0
2012,7,15712239.0,4385072.0,,,2369779.0,409503.0,43617056.0,42214008.0,1403049.0,9315527.0,4695984.0,3951588.0,661327646.0,828333930.0,494321362.0,1795.0
2012,8,74574853.0,30106956.0,4237854.0,4237854.0,2672051.0,256932.0,53414516.0,52313955.0,1100561.0,10171318.0,4980996.0,4320767.0,639921295.0,813277780.0,466564810.0,1775.0
2012,9,209751768.0,91417475.0,11188318.0,11188318.0,2003609.0,,52151644.0,49869187.0,2282458.0,8954284.0,5010374.0,2712458.0,686172414.0,859871080.0,512473748.0,2876.0
2012,10,431836487.0,184763493.0,28402190.0,28402190.0,2250868.0,497670.0,57124064.0,55140869.0,1983195.0,11946217.0,5700045.0,4272109.0,818123849.0,982877181.0,653370517.0,1782.0
2012,11,350386335.0,147438687.0,25910774.0,25910774.0,1468851.0,369625.0,60816007.0,56616034.0,4199973.0,8579408.0,4765311.0,2734107.0,923684757.0,1074422975.0,772946539.0,1769.0
2012,12,302482733.0,105552395.0,43336540.0,43336540.0,1405045.0,907262.0,57808910.0,,,8505742.0,4133296.0,2947522.0,1031137819.0,1178644605.0,883631032.0,6236.0
2013,1,107996822.0,36100409.0,15682244.0,15682244.0,1878519.0,333617.0,49989308.0,46059761.0,3929546.0,10320736.0,5237290.0,3922936.0,999531500.0,1142503162.0,856559838.0,1799.0
2013,2,57680538.0,18918263.0,8143971.0,8143971.0,1339806.0,435332.0,47463636.0,44860637.0,2602999.0,9675903.0,5124699.0,3218148.0,967550683.0,1109453486.0,825647880.0,1738.0
2013,3,40004948.0,8704449.0,8226189.0,8226189.0,2330027.0,717012.0,56209207.0,52482106.0,3727101.0,11931155.0,5216623.0,4024067.0,965368954.0,1129615819.0,801122089.0,2973.0
2013,4,40473382.0,13067311.0,3336960.0,3336960.0,2503452.0,1326799.0,51279841.0,48849315.0,2430526.0,10963954.0,4665494.0,4799069.0,890537390.0,1040460574.0,740614206.0,1754.0
2013,5,28384985.0,10447244.0,,,,922800.0,54126511.0,51944745.0,2181767.0,10048498.0,5093829.0,4063241.0,844961294.0,998765480.0,691157108.0,1742.0
2013,6,22060543.0,6588831.0,,,2947259.0,998714.0,54328555.0,51922339.0,2406216.0,10596003.0,4921782.0,4573981.0,808893643.0,970782990.0,647004297.0,3003.0
2013,7,20886990.0,8654729.0,-1112681.0,-1112681.0,2472719.0,418802.0,49952254.0,45491196.0,4461059.0,10151969.0,5037596.0,4426953.0,744963780.0,912849629.0,577077931.0,1758.0
2013,8,110772793.0,49206819.0,2420270.0,2420270.0,3047887.0,702343.0,50381145.0,47888476.0,2492669.0,10291196.0,5321802.0,3541376.0,733173337.0,911473421.0,554873253.0,1749.0
2013,9,383794926.0,173959460.0,15071513.0,15071513.0,2269192.0,518044.0,54730382.0,51398690.0,3331691.0,10975938.0,5399343.0,3681278.0,864014727.0,1050994098.0,677035356.0,3009.0
2013,10,404173824.0,174423124.0,23958785.0,23958785.0,3321822.0,380644.0,62350266.0,58304862.0,4045404.0,12093693.0,5996157.0,3950337.0,973182698.0,1149300487.0,797064909.0,1780.0
2013,11,258451832.0,101112143.0,26085334.0,26085334.0,1622349.0,398469.0,57096614.0,54819743.0,2276872.0,9617775.0,5280926.0,2540314.0,1033457778.0,1197170179.0,869745377.0,1765.0
2013,12,282854429.0,86565844.0,52952548.0,52952548.0,,1343659.0,61517117.0,59745498.0,1771619.0,9126823.0,4347803.0,3023906.0,1130289191.0,1290440377.0,970138005.0,6606.0
2014,1,114455670.0,35126609.0,18603980.0,18603980.0,2173804.0,1317953.0,49282663.0,46540948.0,2741715.0,10195216.0,4929807.0,4171951.0,1090503057.0,1245679644.0,935326471.0,1808.0
2014,2,69890562.0,21828043.0,9091734.0,9091734.0,1527591.0,2496158.0,51868771.0,48718115.0,3150656.0,10565655.0,5040640.0,4035014.0,1060618271.0,1216032126.0,905204416.0,1782.0
2014,3,53176636.0,16819122.0,6744736.0,6744736.0,,2021651.0,57728914.0,54393146.0,3335768.0,10642445.0,5449404.0,3941227.0,1046561911.0,1208590387.0,884533435.0,3151.0
2014,4,40842983.0,10368512.0,5304278.0,5304278.0,3394049.0,1343721.0,54782404.0,50446696.0,4335707.0,12568006.0,4973767.0,5012005.0,979726669.0,1144883387.0,814569951.0,1780.0
2014,5,33781879.0,11427021.0,1594709.0,1594709.0,2442124.0,1421022.0,56976236.0,53142362.0,3833873.0,11687861.0,5392851.0,5153940.0,931520446.0,1102121746.0,760919146.0,1787.0
2014,6,28244133.0,11944139.0,-2326691.0,-2326691.0,3137457.0,1361501.0,58898532.0,55128451.0,3770081.0,12697023.0,6701301.0,5134720.0,895611789.0,1073768272.0,717455306.0,3145.0
2014,7,26978839.0,11414186.0,-1932642.0,-1932642.0,2980652.0,1017731.0,52142529.0,48658042.0,3484487.0,8003962.0,4318553.0,2251747.0,829380036.0,1017635946.0,641124127.0,1798.0
2014,8,152923260.0,60191513.0,12200133.0,12200133.0,2965809.0,1095433.0,51934660.0,48442177.0,3492483.0,11366884.0,5436024.0,3374642.0,839391665.0,1035459991.0,643323338.0,1789.0
2014,9,345985119.0,159020898.0,10503136.0,10503136.0,2542506.0,,60704477.0,58995414.0,1709063.0,10910742.0,6064673.0,3401441.0,952393393.0,1155681662.0,749105124.0,3146.0
2014,10,386375862.0,165934025.0,23353120.0,23353120.0,2717208.0,1172976.0,63418257.0,60442037.0,2976219.0,12021004.0,6110142.0,4156610.0,1046271131.0,1234298586.0,858243676.0,1805.0
2014,11,198343281.0,67081790.0,29023941.0,29023941.0,2197331.0,860633.0,55614457.0,53672409.0,1942048.0,7449718.0,4564737.0,1843977.0,1083180316.0,1263016697.0,903343935.0,1794.0
2014,12,304597786.0,89326312.0,60667702.0,60667702.0,,,70392703.0,67248226.0,3144477.0,8772721.0,4317184.0,2879315.0,1188897645.0,1363667836.0,1014127454.0,7006.0
2015,1,97373628.0,31023899.0,14538791.0,14538791.0,2089630.0,1025832.0,49297675.0,46804699.0,2492975.0,6197175.0,3629735.0,1855299.0,1143679865.0,1317028577.0,970331153.0,1828.0
2015,2,50028938.0,16604494.0,5373686.0,5373686.0,1855006.0,1175636.0,48481294.0,46315676.0,2165617.0,10162594.0,4205571.0,4523543.0,1109902305.0,1284386244.0,935418366.0,1785.0
2015,3,44425372.0,18370950.0,-17853.0,-17853.0,3013010.0,,60942507.0,57883702.0,3058805.0,12138686.0,5223898.0,5145220.0,1087721548.0,1269230235.0,906212861.0,3302.0
2015,4,38443202.0,15308960.0,,,2813309.0,,56302467.0,53731900.0,2570567.0,13243504.0,7010255.0,4822875.0,1017563023.0,1199035998.0,836090048.0,1790.0
2015,5,32941095.0,15649681.0,-2406068.0,-2406068.0,2156708.0,1064554.0,53626497.0,51648268.0,1978229.0,12324732.0,5754134.0,4398063.0,973321089.0,1158887144.0,787755034.0,1776.0
2015,6,28208829.0,12183590.0,-2695137.0,-2695137.0,3589176.0,,63372733.0,60882630.0,2490103.0,11559009.0,6097878.0,4427751.0,939414719.0,1136744196.0,742085242.0,3303.0
2015,7,29387040.0,15889091.0,-5150761.0,-5150761.0,2970162.0,974272.0,55121663.0,52318923.0,2802740.0,10404131.0,5243298.0,4233949.0,865307227.0,1066549309.0,664065144.0,1793.0
2015,8,171054214.0,70450662.0,11354702.0,11354702.0,2974989.0,,51967305.0,50470088.0,1497217.0,9268110.0,5150637.0,3277509.0,879799841.0,1093383012.0,666216670.0,1780.0
2015,9,396612043.0,177419617.0,16908428.0,16908428.0,2877082.0,,66161121.0,63248696.0,2912425.0,14012537.0,5898606.0,5064255.0,1013624516.0,1232440696.0,794808336.0,3340.0
2015,10,318161961.0,130264802.0,24680073.0,24680073.0,2692039.0,1435357.0,62186151.0,59068660.0,3117491.0,10754840.0,5515120.0,3722840.0,1080712115.0,1286005567.0,875418663.0,1798.0
2015,11,170331339.0,57961733.0,24031862.0,24031862.0,1979163.0,1187883.0,62340758.0,60458510.0,1882249.0,7843329.0,5165947.0,1360574.0,1097163673.0,1290519113.0,903808233.0,1769.0
2015,12,243373442.0,76870762.0,40269940.0,40269940.0,1301387.0,3114934.0,71684507.0,68171130.0,3513378.0,9582267.0,4954158.0,2175048.0,1169654660.0,1359764655.0,979544665.0,7303.0
2016,1,102488163.0,34485924.0,13611051.0,13611051.0,2304689.0,831368.0,48267129.0,46402873.0,1864257.0,9779534.0,4647157.0,4056727.0,1117168915.0,1298928687.0,935409143.0,1762.0
2016,2,63978513.0,23863569.0,5389438.0,5389438.0,1433695.0,1287492.0,54022671.0,51339018.0,2683653.0,8643749.0,4911365.0,2745691.0,1079538145.0,1260264250.0,898812039.0,1739.0
2016,3,62672914.0,18293646.0,9196449.0,9196449.0,2831858.0,,62771171.0,60668320.0,2102851.0,11061034.0,5021508.0,4439082.0,1072472769.0,1262898022.0,882047516.0,3435.0
2016,4,25584081.0,8759544.0,,,3271485.0,,55106678.0,52201125.0,2905553.0,11364178.0,4209999.0,3669182.0,995545487.0,1184465336.0,806625638.0,1749.0
2016,5,24687857.0,4610760.0,2979176.0,2979176.0,3232077.0,1507644.0,55109398.0,52544094.0,2565304.0,9218460.0,4439186.0,3529550.0,946347713.0,1141069712.0,751625714.0,1741.0
2016,6,21710679.0,3668515.0,2311805.0,2311805.0,3242165.0,,63792892.0,62273986.0,1518907.0,10567835.0,5258621.0,3825699.0,912694287.0,1117479211.0,707909363.0,3409.0
2016,7,20968478.0,12750214.0,-5497289.0,-5497289.0,2122676.0,1099982.0,51487865.0,47588506.0,3899359.0,8975346.0,4166066.0,4039561.0,841668037.0,1044075348.0,639260726.0,1753.0
2016,8,182051442.0,69960839.0,16962422.0,16962422.0,2912058.0,1170288.0,57494375.0,56186095.0,1308280.0,11413105.0,5450434.0,4583803.0,855612192.0,1068915954.0,642308429.0,1762.0
2016,9,316479409.0,142199304.0,11359862.0,11359862.0,2653933.0,1895613.0,65046497.0,63104949.0,1941548.0,11230857.0,4931370.0,4296011.0,943390959.0,1159988495.0,726793423.0,3430.0
2016,10,320586349.0,142365590.0,13947321.0,13947321.0,2741837.0,1235436.0,61410095.0,59576702.0,1833394.0,10400211.0,4693475.0,4018524.0,1011670528.0,1216005231.0,807335825.0,1770.0
2016,11,243662640.0,89771882.0,29107824.0,29107824.0,2513197.0,,64212216.0,62574264.0,1637952.0,8597277.0,4636152.0,2392030.0,1060647201.0,1253961030.0,867333372.0,1756.0
2016,12,321690958.0,104495996.0,51399625.0,51399625.0,1634964.0,3209122.0,72615474.0,69615724.0,2999750.0,10265644.0,4018431.0,3274094.0,1169959171.0,1359237056.0,980681287.0,7643.0
2017,1,133577491.0,45771591.0,17025649.0,17025649.0,3045803.0,941196.0,49452156.0,48404820.0,1047336.0,8725199.0,3701358.0,3338320.0,1130256932.0,1312275340.0,948238524.0,1805.0
2017,2,89462296.0,27732634.0,13637773.0,13637773.0,2381077.0,977779.0,50951313.0,49035595.0,1915718.0,8641943.0,3967272.0,3113913.0,1111404231.0,1296205530.0,926602931.0,1776.0
2017,3,55244816.0,16295549.0,5658462.0,5658462.0,3449808.0,2103296.0,62865691.0,60866286.0,1999405.0,10794811.0,4244040.0,4324994.0,1099206131.0,1296568198.0,901844063.0,3525.0
2017,4,22114770.0,7529140.0,,,2990951.0,,50951399.0,50056238.0,895161.0,9752412.0,4122978.0,3801124.0,1027284824.0,1223821406.0,830748242.0,1783.0
2017,5,27735636.0,10608061.0,-1496085.0,-1496085.0,3339482.0,1394710.0,58925006.0,57947389.0,977616.0,10687232.0,4616807.0,4996666.0,975847414.0,1177564034.0,774130794.0,1776.0
2017,6,27923612.0,8095185.0,,,3316634.0,2326548.0,62853519.0,62017763.0,835756.0,10474666.0,4459687.0,4149201.0,945011444.0,1159889599.0,730133289.0,3522.0
2017,7,22297762.0,7698524.0,-780837.0,-780837.0,3102566.0,1104239.0,51056617.0,50077220.0,979397.0,8550869.0,3630589.0,3666873.0,872630447.0,1087164988.0,658095906.0,1783.0
2017,8,82421497.0,34323081.0,,,,1651759.0,59067209.0,58383121.0,684088.0,11973381.0,4369389.0,5360240.0,790490678.0,1014428400.0,566552956.0,1773.0
2017,9,287570180.0,128286012.0,10295895.0,10295895.0,2975224.0,2170282.0,62119510.0,61232282.0,887228.0,12251143.0,3831282.0,4665288.0,938588564.0,1167655633.0,709521495.0,3545.0
2017,10,362775934.0,152046737.0,24947472.0,24947472.0,2971313.0,1411710.0,64459833.0,63306081.0,1153752.0,8292099.0,3957517.0,2514567.0,1021064727.0,1236383549.0,805745905.0,1779.0
2017,11,264064994.0,98529216.0,30042122.0,30042122.0,2164779.0,1293119.0,64477331.0,63155408.0,1321924.0,7806987.0,3763210.0,2728697.0,1084622614.0,1288805577.0,880439652.0,1757.0
2017,12,387936498.0,128390460.0,63177562.0,63177562.0,,,71698455.0,70538804.0,1159650.0,11358934.0,2966766.0,3798216.0,1233896244.0,1434555907.0,1033236581.0,7923.0
2018,1,96990228.0,39323743.0,6096359.0,6096359.0,2406905.0,,51760054.0,50325281.0,1434773.0,9029641.0,3389471.0,3855663.0,1162982249.0,1354049632.0,971914867.0,1722.0
2018,2,81906002.0,35679598.0,2583652.0,2583652.0,1915508.0,,51730203.0,51217495.0,512708.0,9409442.0,3571016.0,4255414.0,1147978042.0,1338087564.0,957868520.0,1691.0
2018,3,57023248.0,18562576.0,4894175.0,4894175.0,2613336.0,2257487.0,67881154.0,66829463.0,1051690.0,9871198.0,3683626.0,3251708.0,1135641790.0,1329036168.0,942247412.0,3533.0
2018,4,32794554.0,9092686.0,2189601.0,2189601.0,3716910.0,1243389.0,58351466.0,57590376.0,761090.0,9347557.0,3726094.0,4110606.0,1058806118.0,1246345412.0,871266824.0,1712.0
2018,5,30453325.0,8340046.0,1806116.0,1806116.0,3450122.0,1522695.0,63095593.0,61704640.0,1390953.0,10713010.0,3981056.0,5418962.0,999762042.0,1187772950.0,811751134.0,1708.0
2018,6,27971959.0,5723118.0,2000212.0,2000212.0,3574612.0,2561599.0,63021516.0,62255689.0,765827.0,10657031.0,3764303.0,5522230.0,970085744.0,1173347419.0,766824069.0,3563.0
2018,7,16581971.0,2366979.0,2046040.0,2046040.0,2521740.0,1318425.0,53554325.0,52564098.0,990228.0,9260767.0,3105358.0,5069687.0,892556830.0,1094823208.0,690290452.0,1707.0
2018,8,78730421.0,22521572.0,12195399.0,12195399.0,2906569.0,1609535.0,65657343.0,64337741.0,1319602.0,7864177.0,3488681.0,2797548.0,852686856.0,1055404169.0,649969543.0,1698.0
2018,9,277473737.0,122561489.0,11041073.0,11041073.0,2862001.0,2215499.0,60100257.0,58647350.0,1452906.0,8978038.0,2820106.0,4254818.0,939665221.0,1150486477.0,728843965.0,3562.0
2018,10,340734800.0,162794592.0,3684973.0,3684973.0,2489025.0,1342654.0,66225865.0,65295069.0,930797.0,9616432.0,3610320.0,4078971.0,1009167845.0,1206093913.0,812241776.0,1725.0
2018,11,272370677.0,129610644.0,2778240.0,2778240.0,2477981.0,1227420.0,62722968.0,61784711.0,938257.0,9270743.0,3521737.0,3763513.0,1075987973.0,1264205667.0,887770279.0,1694.0
2018,12,428069943.0,205336112.0,3020451.0,3020451.0,1459970.0,4053393.0,74066620.0,72439895.0,1626725.0,11401272.0,2875575.0,3505644.0,1247262197.0,1435304330.0,1059220063.0,8026.0
2019,1,160431143.0,73802882.0,2372629.0,2372629.0,2599540.0,1373670.0,60426353.0,59500981.0,925372.0,10826483.0,3115954.0,5247179.0,1202230572.0,1373474023.0,1030987121.0,1724.0
2019,2,92782896.0,40148080.0,2401005.0,2401005.0,2506601.0,1150620.0,51568405.0,50608154.0,960252.0,9292650.0,2202913.0,4819886.0,1189188579.0,1360685050.0,1017692108.0,1675.0
2019,3,75379011.0,27162631.0,5856245.0,5856245.0,2046000.0,2277319.0,64043287.0,62992619.0,1050668.0,10909338.0,2640167.0,4504490.0,1186563532.0,1367549105.0,1005577958.0,3633.0
2019,4,39197403.0,13777655.0,1537877.0,1537877.0,2955688.0,1241946.0,55138508.0,54091546.0,1046962.0,9732184.0,3067730.0,4827689.0,1112530406.0,1295722967.0,929337845.0,1700.0
2019,5,36418278.0,11299792.0,1877601.0,1877601.0,3394658.0,1263160.0,63025953.0,61345744.0,1680209.0,9229468.0,3584342.0,4081246.0,1058352812.0,1244028503.0,872677121.0,1673.0
2019,6,30092944.0,7138895.0,1643180.0,1643180.0,3389900.0,2636126.0,61833649.0,60557558.0,1276091.0,9149315.0,3048572.0,3104325.0,1036900424.0,1236505374.0,837295474.0,3627.0
2019,7,23773878.0,5293791.0,1960053.0,1960053.0,2812968.0,1439539.0,52964077.0,51648883.0,1315194.0,8810214.0,3086122.0,3941036.0,961211164.0,1163931160.0,758491168.0,1682.0
2019,8,67766672.0,21632365.0,7984258.0,7984258.0,2779928.0,1279039.0,62040402.0,60594701.0,1445701.0,11193887.0,3547958.0,5622801.0,913088913.0,1120500789.0,705677037.0,1680.0
2019,9,275147622.0,118294395.0,13743887.0,13743887.0,2789449.0,2629935.0,62416045.0,61093284.0,1322761.0,9794470.0,3114402.0,4263627.0,999294194.0,1212710962.0,785877426.0,3613.0
2019,10,310736020.0,143951157.0,6698728.0,6698728.0,3427898.0,1207384.0,61158534.0,59964472.0,1194062.0,10359041.0,3156706.0,4347774.0,1053294085.0,1257569684.0,849018486.0,1705.0
2019,11,244701336.0,115121091.0,4232379.0,4232379.0,1756943.0,1179435.0,59024123.0,58188082.0,836041.0,8802385.0,3482722.0,3060830.0,1113088654.0,1311427091.0,914750217.0,1683.0
2019,12,351679751.0,166468780.0,3769928.0,3769928.0,911935.0,4396282.0,71600153.0,69854594.0,1745559.0,9134718.0,2752145.0,3535553.0,1256340780.0,1461253423.0,1051428137.0,8396.0
2020,1,154757327.0,70263208.0,2948474.0,2948474.0,2952145.0,1107876.0,56818272.0,54198090.0,2620182.0,9665350.0,2816237.0,4687001.0,1205346572.0,1389157736.0,1021535409.0,1741.0
2020,2,65353355.0,24717286.0,4477705.0,4477705.0,2267616.0,1032813.0,54790940.0,53137174.0,1653767.0,9245651.0,2514333.0,4200035.0,1174193636.0,1354626251.0,993761021.0,1683.0
2020,3,59669571.0,22643142.0,1932025.0,1932025.0,2543454.0,2415050.0,64377547.0,62158542.0,2219005.0,11123138.0,2845059.0,4654296.0,1165492091.0,1351443664.0,979540519.0,3620.0
2020,4,42564137.0,16125143.0,1787948.0,1787948.0,2219335.0,967032.0,56170885.0,54678167.0,1492718.0,11410354.0,2755640.0,5882393.0,1091470003.0,1272957648.0,909982358.0,1664.0
2020,5,33053941.0,11796833.0,1634413.0,1634413.0,2086895.0,909698.0,57754842.0,,,10040478.0,2176153.0,5423784.0,1044391845.0,1229063920.0,859719770.0,1655.0
2020,6,31766166.0,8488232.0,1922883.0,1922883.0,2884270.0,2376510.0,70293165.0,66637677.0,3655488.0,11793341.0,2627636.0,6378059.0,1017401941.0,1213641138.0,821162743.0,3607.0
2020,7,24763201.0,6532582.0,2072785.0,2072785.0,2546839.0,1133347.0,58873205.0,56821450.0,2051754.0,12952761.0,3116173.0,6579992.0,929923730.0,1126875273.0,732972186.0,1674.0
2020,8,86646883.0,29259255.0,10068674.0,10068674.0,2514465.0,1295809.0,58852926.0,57926477.0,926449.0,13859832.0,3092043.0,5972607.0,900185324.0,1104451842.0,695918806.0,1663.0
2020,9,266197714.0,122135109.0,6268187.0,6268187.0,2001516.0,2500937.0,67866351.0,67406427.0,459925.0,13645810.0,3334783.0,5950619.0,970364799.0,1178502136.0,762227462.0,3651.0
2020,10,275624626.0,128022722.0,4869925.0,4869925.0,3303235.0,1510577.0,64598177.0,64221229.0,376948.0,12576766.0,3369999.0,4735054.0,1014517075.0,1209162298.0,819871852.0,1694.0
2020,11,201127494.0,94062978.0,2459883.0,2459883.0,2718666.0,1113874.0,59120943.0,58945592.0,175351.0,10237004.0,2952645.0,3766504.0,1043119102.0,1230009271.0,856228933.0,1670.0
2020,12,297310785.0,139051311.0,2568632.0,2568632.0,1860336.0,4931427.0,73396293.0,,,11404102.0,2827289.0,3843526.0,1158562621.0,1355514974.0,961610268.0,8664.0
2021,1,97740203.0,43402954.0,2027194.0,2027194.0,1516716.0,1663554.0,50218021.0,49909925.0,308096.0,9101258.0,2340629.0,3308663.0,1080813783.0,1260722823.0,900904744.0,1692.0
2021,2,98857724.0,41303513.0,3872954.0,3872954.0,2287511.0,1723178.0,51779129.0,51585178.0,193951.0,9175995.0,2675798.0,3726351.0,1078948250.0,1260797369.0,897099131.0,1645.0
2021,3,62966763.0,22535519.0,2408784.0,2408784.0,2980289.0,3158455.0,70349947.0,70148024.0,201923.0,11975206.0,3138799.0,5094469.0,1052636754.0,1242064150.0,863209359.0,3711.0
2021,4,29618071.0,8708705.0,1649764.0,1649764.0,2599444.0,1587604.0,58054085.0,57825299.0,228785.0,11319345.0,3304126.0,4859252.0,990595851.0,1181201166.0,799990535.0,1662.0
2021,5,23844296.0,5246174.0,1774112.0,1774112.0,3052437.0,1507958.0,57614449.0,57267514.0,346936.0,10809504.0,3296392.0,4396208.0,931722535.0,1122141722.0,741303348.0,1636.0
2021,6,31989559.0,6956692.0,2109199.0,2109199.0,3090036.0,3427849.0,67990847.0,67384710.0,606136.0,13119067.0,3002225.0,5176453.0,906163377.0,1111509672.0,700817083.0,3683.0
2021,7,21181185.0,2324756.0,2738534.0,2738534.0,3398049.0,1840024.0,55371347.0,54873531.0,497816.0,12007862.0,2927026.0,4916427.0,833648148.0,1035577261.0,631719035.0,1657.0
2021,8,70396877.0,26544493.0,,,,1559503.0,57308390.0,57057903.0,250488.0,12378939.0,3080290.0,4692239.0,811561002.0,1018034974.0,605087030.0,1637.0
2021,9,227227698.0,101400305.0,6338076.0,6338076.0,2698021.0,2940741.0,62704797.0,61849393.0,855404.0,15239068.0,2891521.0,4888676.0,871681713.0,1082915864.0,660447562.0,3685.0
2021,10,306515444.0,144972903.0,3028255.0,3028255.0,3206796.0,1865694.0,55015764.0,54726354.0,289410.0,12185061.0,3010582.0,4243310.0,938586426.0,1140251768.0,736921084.0,1652.0
2021,11,255190378.0,118173154.0,3584136.0,3584136.0,3815825.0,1820267.0,57961625.0,57447918.0,513707.0,12471729.0,3312751.0,3866439.0,999471601.0,1191523848.0,807419354.0,1640.0
2021,12,303221466.0,144248738.0,,,,4601223.0,69991021.0,68690022.0,1300999.0,10981285.0,2280617.0,3608255.0,1112935283.0,1313840915.0,912029651.0,9032.0
2022,1,140542324.0,64196944.0,2405290.0,2405290.0,2091484.0,1433694.0,50185948.0,49022653.0,1163295.0,8769640.0,2069440.0,2160295.0,1076306276.0,1262998690.0,889613863.0,1642.0
2022,2,86786513.0,35954481.0,4177298.0,4177298.0,1720927.0,1422378.0,51079140.0,50436814.0,642326.0,10896253.0,2483073.0,3732384.0,1053947655.0,1234174854.0,873720456.0,1623.0
2022,3,66561292.0,22374910.0,4718249.0,4718249.0,2915772.0,2993005.0,67166243.0,65920833.0,1245410.0,15373301.0,3601810.0,5531704.0,1041807051.0,1228483172.0,855130930.0,3797.0
2022,4,38865157.0,12109883.0,2737938.0,2737938.0,2548613.0,1764168.0,52012312.0,51296885.0,715427.0,11398390.0,3663044.0,3884029.0,968709005.0,1150582780.0,786835229.0,1632.0
2022,5,33532610.0,10414097.0,1794946.0,1794946.0,2553800.0,1835358.0,52659134.0,51328548.0,1330586.0,12310296.0,3720276.0,3352103.0,928013216.0,1111427449.0,744598983.0,1644.0
2022,6,28888852.0,4305901.0,2632806.0,2632806.0,3457890.0,3727184.0,61543932.0,60129360.0,1414572.0,14013175.0,3822550.0,4798646.0,908513652.0,1103976683.0,713050621.0,3803.0
2022,7,18446334.0,1907116.0,2146860.0,2146860.0,3462451.0,1497544.0,47491846.0,46503417.0,988429.0,10014876.0,2595161.0,2862340.0,843012621.0,1037945888.0,648079354.0,1619.0
2022,8,85773698.0,28019309.0,8872770.0,8872770.0,3949875.0,1907080.0,53377572.0,52095318.0,1282254.0,14822873.0,3215640.0,3486365.0,816784617.0,1016756034.0,616813200.0,1639.0
2022,9,235542063.0,106659604.0,5214224.0,5214224.0,2517327.0,3170465.0,59019416.0,58235107.0,784309.0,16928400.0,2950259.0,2894554.0,889722409.0,1100674824.0,678769994.0,3809.0
2022,10,268943062.0,124402596.0,5356960.0,5356960.0,2605382.0,1995880.0,54632410.0,54429944.0,202466.0,12618469.0,2612399.0,2953186.0,935172691.0,1130036013.0,740309369.0,1616.0
2022,11,230387529.0,105871217.0,4633720.0,4633720.0,2547016.0,2076477.0,54312451.0,53349486.0,962965.0,11414280.0,2796378.0,2834617.0,989532148.0,1179580304.0,799483992.0,1606.0
2022,12,315507796.0,144567616.0,6512463.0,6512463.0,1189017.0,5302182.0,66071458.0,64206614.0,1864844.0,11843521.0,2503790.0,2212711.0,1110043579.0,1300646129.0,919441029.0,9270.0
2023,1,122961790.0,54837249.0,3229916.0,3229916.0,1667076.0,1676731.0,50196136.0,48877375.0,1318762.0,9854477.0,2127673.0,2617146.0,1061220628.0,1236683670.0,885757585.0,1602.0
2023,2,62428135.0,23415305.0,3609968.0,3609968.0,2413459.0,1662973.0,48059369.0,47429317.0,630052.0,9227840.0,2165059.0,2322336.0,1039011029.0,1218939990.0,859082068.0,1596.0
2023,3,62134834.0,21235184.0,3375568.0,3375568.0,2854545.0,3348802.0,61444451.0,60205842.0,1238609.0,14055609.0,2949558.0,3036249.0,1035354838.0,1224473456.0,846236221.0,3746.0
2023,4,42917199.0,13307795.0,3144143.0,3144143.0,3006758.0,1871979.0,46690855.0,45628895.0,1061960.0,9854846.0,2269730.0,2315678.0,973092223.0,1158291615.0,787892831.0,1572.0
2023,5,31372288.0,6155145.0,4229614.0,4229614.0,3085464.0,2073236.0,46761274.0,46216605.0,544669.0,10449848.0,2665924.0,2018069.0,930979064.0,1125546729.0,736411399.0,1580.0
2023,6,33002585.0,7887038.0,2815233.0,2815233.0,2728465.0,2910874.0,58862044.0,56633282.0,2228763.0,12371679.0,2613250.0,3000464.0,914843891.0,1115066674.0,714621108.0,3720.0
2023,7,23147139.0,4425078.0,3022599.0,3022599.0,2197998.0,1803342.0,45089457.0,43657945.0,1431512.0,9756980.0,1967826.0,2585104.0,849483678.0,1046743118.0,652224238.0,1571.0
2023,8,35728206.0,7862811.0,4948062.0,4948062.0,2724471.0,2235216.0,50703958.0,49869972.0,833985.0,15801596.0,2755520.0,3704363.0,803720940.0,1005036682.0,602405197.0,1576.0
2023,9,135500090.0,60074911.0,2717048.0,2717048.0,2019204.0,2782383.0,55448726.0,54007444.0,1441282.0,12590193.0,2311821.0,2583790.0,831891959.0,1035083841.0,628700076.0,3735.0
2023,10,231956226.0,107444947.0,3287427.0,3287427.0,2507997.0,2543637.0,51264019.0,49600923.0,1663095.0,13569840.0,2471479.0,2683976.0,862390952.0,1054958047.0,669823857.0,1569.0
2023,11,329729485.0,156748287.0,4079109.0,4079109.0,1831164.0,2117099.0,52569677.0,51297998.0,1271679.0,12890983.0,2991501.0,2454652.0,974902268.0,1167069039.0,782735496.0,1576.0
2023,12,430014117.0,205199816.0,3903171.0,3903171.0,1461378.0,4271409.0,62980771.0,60604008.0,2376762.0,12956813.0,2020500.0,2345434.0,1151581227.0,1337481668.0,965680786.0,9237.0
2024,1,122496629.0,54175571.0,3360178.0,3360178.0,1994068.0,1619013.0,48330671.0,46237346.0,2093325.0,12634420.0,2141441.0,2878659.0,1093353771.0,1264637223.0,922070320.0,1570.0
2024,2,77566481.0,31269195.0,3623436.0,3623436.0,2112459.0,1651751.0,47373117.0,45481995.0,1891122.0,13335812.0,2144185.0,2873917.0,1074462128.0,1245351170.0,903573086.0,1553.0
2024,3,67754561.0,25646595.0,3365345.0,3365345.0,2120416.0,2590660.0,52831096.0,51001176.0,1829920.0,12733898.0,2318739.0,2614788.0,1096412957.0,1282749287.0,910076626.0,3765.0
2024,4,40868767.0,12429395.0,2899662.0,2899662.0,3237838.0,1758476.0,45781573.0,43600824.0,2180749.0,12272941.0,2204704.0,3488107.0,1017623857.0,1192777705.0,842470009.0,1539.0
2024,5,35244408.0,10225325.0,2606476.0,2606476.0,2894986.0,1733741.0,47128997.0,45207774.0,1921223.0,15673123.0,2396765.0,4075952.0,979313285.0,1154759008.0,803867562.0,1546.0
2024,6,38290485.0,9638610.0,3794187.0,3794187.0,2637231.0,2855728.0,52866839.0,52137163.0,729676.0,15454509.0,2127458.0,3798784.0,980862978.0,1176277629.0,785448327.0,3685.0
2024,7,19655459.0,1953215.0,3678924.0,3678924.0,2574020.0,1534150.0,42791437.0,41005570.0,1785867.0,11730166.0,1961341.0,3397319.0,899854559.0,1080164101.0,719545017.0,1526.0
2024,8,40208675.0,13171513.0,2978461.0,2978461.0,2180121.0,1673620.0,47786379.0,45285163.0,2501215.0,13229604.0,2519360.0,4536678.0,862915898.0,1051733532.0,674098264.0,1531.0
2024,9,201757120.0,93508354.0,2618324.0,2618324.0,2139388.0,2467697.0,53827502.0,50067511.0,3759991.0,13721114.0,2684637.0,4213477.0,932277420.0,1133721464.0,730833376.0,3620.0
2024,10,253885904.0,118082540.0,5535108.0,5535108.0,1839114.0,1374830.0,50252917.0,48298064.0,1954853.0,11765004.0,2559976.0,2731986.0,955716991.0,1134737830.0,776696152.0,1501.0
2024,11,141595853.0,62948339.0,4029129.0,4029129.0,1921277.0,1711230.0,44517628.0,43240074.0,1277553.0,10812702.0,2485641.0,2813730.0,981597766.0,1160753874.0,802441658.0,1514.0
2024,12,267723015.0,125066600.0,3921279.0,3921279.0,1099811.0,3531671.0,60443621.0,58055037.0,2388584.0,12761996.0,2178945.0,3466457.0,1100431670.0,1284518878.0,916344463.0,8803.0
2025,1,88021495.0,38203388.0,2399418.0,2399418.0,2028361.0,1314996.0,43893678.0,42325048.0,1568630.0,10786217.0,1778285.0,3921048.0,1006496813.0,1172978415.0,840015211.0,1462.0
2025,2,61393938.0,24301701.0,2599737.0,2599737.0,2494943.0,1173863.0,44393480.0,40532201.0,3861279.0,10252461.0,1825434.0,3517300.0,988935800.0,1157678933.0,820192667.0,1436.0
2025,3,56777410.0,20356802.0,3870241.0,3870241.0,1753094.0,2252565.0,48327152.0,47082764.0,1244389.0,12350002.0,1614018.0,3323629.0,998162715.0,1173093127.0,823232302.0,3529.0
2025,4,32273963.0,9391440.0,3390877.0,3390877.0,1943689.0,1203666.0,43312199.0,42092680.0,1219519.0,8693045.0,1557651.0,2450337.0,937407023.0,1114315050.0,760498995.0,1423.0
2025,5,14688338.0,2264909.0,1912448.0,1912448.0,1555213.0,1363891.0,41485948.0,40066290.0,1419658.0,8358194.0,1365306.0,3144384.0,906860826.0,1084874389.0,728847263.0,1414.0
2025,6,26808768.0,7417838.0,2148365.0,2148365.0,1822377.0,1824725.0,49439210.0,48041500.0,1397710.0,10280782.0,1248072.0,3142275.0,905673871.0,1096437677.0,714910064.0,3474.0
2025,7,24906616.0,6739801.0,1965476.0,1965476.0,1872803.0,1559753.0,43426418.0,41553546.0,1872872.0,10309402.0,1261823.0,4016750.0,838558299.0,1024026128.0,653090470.0,1381.0
2025,8,37516921.0,13048880.0,2775448.0,2775448.0,1465019.0,1382761.0,42218875.0,,,15287153.0,993979.0,3380172.0,802196241.0,988591408.0,615801075.0,1371.0
2025,9,164314086.0,74372728.0,3349101.0,3349101.0,1543589.0,2555151.0,50690952.0,,,11819131.0,1368035.0,3474878.0,861609634.0,1050097116.0,673122152.0,3304.0
2025,10,237267368.0,109652020.0,5802586.0,5802586.0,1402660.0,1664758.0,47832996.0,,,9735973.0,1484572.0,2247281.0,898164870.0,1075274751.0,721054989.0,1326.0
